1|Adkee|Carpenter|Accessible Ramp Installation
2|Adkee|Carpenter|Attic Fan Installation
3|Adkee|Carpenter|Attic Ladder Installation
4|Adkee|Carpenter|Cabinet Repair
5|Adkee|Carpenter|Carpentry Frame Repair
6|Adkee|Carpenter|Carpentry Framing
7|adly|Carpenter|Deck or Porch Repair
8|adly|Carpenter|Exterior Trim Repair
9|adly|Carpenter|Fence Repair
10|blingbo|Carpenter|Fireplace Mantel Installation
11|blingbo|Carpenter|Frame Installation
12|blingbo|Carpenter|Interior Trim Installation
13|Bodoo Media|Carpenter|Interior Trim Repair
14|Bodoo Media|Carpenter|Repair Damaged Wood
15|Bodoo Media|Carpenter|Stairway Build
16|bogo|Carpenter|Stairway Repair
17|bogo|Deck Builder|Deck Build
18|bogo|Electrician|Bathroom Fan Repair
19|BoZing|Electrician|Ceiling Fan Installation
20|BoZing|Electrician|Ceiling Fan Repair
21|BoZing|Electrician|Electric Wall Heater Installation
22|Claxla Collective|Electrician|Electrical Panel Installation
23|Claxla Collective|Electrician|Electrical Panel Repair
24|Claxla Collective|Electrician|Electrical Panel Upgrade
25|Cloudify Systems|Electrician|Electrical Wiring Installation
26|Cloudify Systems|Electrician|Electrical Wiring Upgrade
27|Cloudify Systems|Electrician|Exhaust Fan Installation
28|cloudzizzl|Electrician|Exterior Lighting Installation
29|cloudzizzl|Electrician|Holiday Lighting Repair
30|cloudzizzl|Electrician|LED Interior Light Conversion
31|Dotga Collective|Electrician|Light Fixture Installation
32|Dotga Collective|Electrician|Light Fixture Repair
33|Dotga Collective|Electrician|Light Fixture Replacement
34|dotjing|Landscaper�|Build Garden Bed
35|dotjing|Landscaper�|Garden Installation
36|dotjing|Landscaper�|Hardscape
37|Dotster|Landscaper�|Landscape Grading
38|Dotster|Landscaper�|Landscape Lighting Installation
39|Dotster|Landscaper�|Lawn Mowing
40|Fildoodle|Landscaper�|Lawn Seeding
41|Fildoodle|Landscaper�|Plant Tree
42|Fildoodle|Landscaper�|Softscape
43|GlifDoo|Landscaper�|Sprinkler System Installation
44|GlifDoo|Landscaper�|Sprinkler System Repair
45|GlifDoo|Landscaper�|Tree Removal
46|Glifspace|Landscaper�|Tree Stump Removal
47|Glifspace|Landscaper�|Tree and Shrub Maintenance
48|Glifspace|Landscaper�|Yard Clean-up
49|ibiba|House Cleaner|House Cleaning
50|ibiba|Handyman |Assemble Storage Building
51|ibiba|Handyman |Barbeque Assembly
52|ILy|Handyman |Bath Safety Hardware Installation
53|ILy|Handyman |Cabinet Hardware Installation
54|ILy|Handyman |Carpet Removal
55|Inifish|Handyman |Carport Assembly
56|Inifish|Handyman |Ceiling Patching
57|Inifish|Handyman |Closet Door Installation
58|IniMee|Handyman |Closet Hardware Installation
59|IniMee|Handyman |Door hardware Installation
60|IniMee|Handyman |Dryer Vent Hose Installation
61|IniSter|Handyman |Drywall/Sheetrock Repair
62|IniSter|Handyman |Exterior Shutter Installation
63|IniSter|Handyman |Exterior Vent Replacement
64|ISense|Painter|Cabinetry Painting
65|ISense|Painter|Deck Painting/Staining
66|ISense|Painter|Exterior Painting
67|jala|Painter|Fence Painting
68|jala|Painter|Garage Floor Painting
69|jala|Painter|Interior Painting
70|Jamee|Painter|Wall Texturing
71|Jamee|Plumber|Bathtub Repair
72|Jamee|Plumber|Faucet Repair
73|Janet|Plumber|Gas Fireplace Install/Conversion
74|Janet|Plumber|Ice Maker Water Line Installation
75|Janet|Plumber|Repair a Leak
76|kabfish|Plumber|Sewer Line Installation or Replacement
77|kabfish|Plumber|Shower Repair
78|kabfish|Plumber|Sink Repair
79|livester|Fence Installer|Fence Installer
80|livester|Flooring Installer|Flooring Installer
81|livester|General Contractor|Barn / Shed Repair
82|LiveSy|General Contractor|Brick, Stone, Block Wall Installation
83|LiveSy|General Contractor|Drywall/Sheetrock Installation
84|LiveSy|General Contractor|Exterior Awning Installation
85|loohop|General Contractor|Family Room Remodel
86|loohop|General Contractor|Foundation Repair
87|loohop|General Contractor|Garage Remodel
88|Loonico Labs|General Contractor|Living Room Remodel
89|Loonico Labs|General Contractor|Plaster Wall Repair
90|Loonico Labs|General Contractor|Pour Concrete
91|Looon Systems|General Contractor|Room Addition
92|Looon Systems|General Contractor|Stucco Installation
93|Looon Systems|General Contractor|Stucco Repair
94|Mykee Labs|General Contractor|Sunroom/Patio Cover Installation
95|Mykee Labs|Carpenter|Accessible Ramp Installation
96|Mykee Labs|Carpenter|Attic Fan Installation
97|Plurbo|Carpenter|Attic Ladder Installation
98|Plurbo|Carpenter|Cabinet Repair
99|Plurbo|Carpenter|Carpentry Frame Repair
100|PlurSpace|Carpenter|Carpentry Framing
101|PlurSpace|Carpenter|Deck or Porch Repair
102|PlurSpace|Carpenter|Exterior Trim Repair
103|PlurStar|Carpenter|Fence Repair
104|PlurStar|Carpenter|Fireplace Mantel Installation
105|PlurStar|Carpenter|Frame Installation
106|Prockr Designs|Carpenter|Interior Trim Installation
107|Prockr Designs|Carpenter|Interior Trim Repair
108|Prockr Designs|Carpenter|Repair Damaged Wood
109|progo|Carpenter|Stairway Build
110|progo|Carpenter|Stairway Repair
111|progo|Deck Builder|Deck Build
112|QuirbBee|Electrician|Bathroom Fan Repair
113|QuirbBee|Electrician|Ceiling Fan Installation
114|QuirbBee|Electrician|Ceiling Fan Repair
115|Rabo Media|Electrician|Electric Wall Heater Installation
116|Rabo Media|Electrician|Electrical Panel Installation
117|Rabo Media|Electrician|Electrical Panel Repair
118|Rageo|Electrician|Electrical Panel Upgrade
119|Rageo|Electrician|Electrical Wiring Installation
120|Rageo|Electrician|Electrical Wiring Upgrade
121|Raify|Electrician|Exhaust Fan Installation
122|Raify|Electrician|Exterior Lighting Installation
123|Raify|Electrician|Holiday Lighting Repair
124|Rala|Electrician|LED Interior Light Conversion
125|Rala|Electrician|Light Fixture Installation
126|Rala|Electrician|Light Fixture Repair
127|Rasense Collective|Electrician|Light Fixture Replacement
128|Rasense Collective|Landscaper�|Build Garden Bed
129|Rasense Collective|Landscaper�|Garden Installation
130|Rembox|Landscaper�|Hardscape
131|Rembox|Landscaper�|Landscape Grading
132|Rembox|Landscaper�|Landscape Lighting Installation
133|Remnit|Landscaper�|Lawn Mowing
134|Remnit|Landscaper�|Lawn Seeding
135|Remnit|Landscaper�|Plant Tree
136|scroton|Landscaper�|Softscape
137|scroton|Landscaper�|Sprinkler System Installation
138|scroton|Landscaper�|Sprinkler System Repair
139|SkoBo|Landscaper�|Tree Removal
140|SkoBo|Landscaper�|Tree Stump Removal
141|SkoBo|Landscaper�|Tree and Shrub Maintenance
142|Smugbo Systems|Landscaper�|Yard Clean-up
143|Smugbo Systems|House Cleaner|House Cleaning
144|Smugbo Systems|Handyman |Assemble Storage Building
145|smugqa|Handyman |Barbeque Assembly
146|smugqa|Handyman |Bath Safety Hardware Installation
147|smugqa|Handyman |Cabinet Hardware Installation
148|Trumo|Handyman |Carpet Removal
149|Trumo|Handyman |Carport Assembly
150|Trumo|Handyman |Ceiling Patching
151|trunet|Handyman |Closet Door Installation
152|trunet|Handyman |Closet Hardware Installation
153|trunet|Handyman |Door hardware Installation
154|Truyou|Handyman |Dryer Vent Hose Installation
155|Truyou|Handyman |Drywall/Sheetrock Repair
156|Truyou|Handyman |Exterior Shutter Installation
157|Truzing Collective|Handyman |Exterior Vent Replacement
158|Truzing Collective|Painter|Cabinetry Painting
159|Truzing Collective|Painter|Deck Painting/Staining
160|Twisauce|Painter|Exterior Painting
161|Twisauce|Painter|Fence Painting
162|Twisauce|Painter|Garage Floor Painting
163|Twistar Labs|Painter|Interior Painting
164|Twistar Labs|Painter|Wall Texturing
165|Twistar Labs|Plumber|Bathtub Repair
166|Vertbox|Plumber|Faucet Repair
167|Vertbox|Plumber|Gas Fireplace Install/Conversion
168|Vertbox|Plumber|Ice Maker Water Line Installation
169|Vertkee Labs|Plumber|Repair a Leak
170|Vertkee Labs|Plumber|Sewer Line Installation or Replacement
171|Vertkee Labs|Plumber|Shower Repair
172|Vertsauce Labs|Plumber|Sink Repair
173|Vertsauce Labs|Fence Installer|Fence Installer
174|Vertsauce Labs|Flooring Installer|Flooring Installer
175|xobee|General Contractor|Barn / Shed Repair
176|xobee|General Contractor|Brick, Stone, Block Wall Installation
177|xobee|General Contractor|Drywall/Sheetrock Installation
178|Xogo Designs|General Contractor|Exterior Awning Installation
179|Xogo Designs|General Contractor|Family Room Remodel
180|Xogo Designs|General Contractor|Foundation Repair
181|Yeddscro Systems|General Contractor|Garage Remodel
182|Yeddscro Systems|General Contractor|Living Room Remodel
183|Yeddscro Systems|General Contractor|Plaster Wall Repair
184|YeddZizzl|General Contractor|Pour Concrete
185|YeddZizzl|General Contractor|Room Addition
186|YeddZizzl|General Contractor|Stucco Installation
187|YoNico|General Contractor|Stucco Repair
188|YoNico|General Contractor|Sunroom/Patio Cover Installation
189|YoNico|General Contractor|Drywall/Sheetrock Installation
190|Youbo Labs|General Contractor|Exterior Awning Installation
191|Youbo Labs|General Contractor|Family Room Remodel
192|Youbo Labs|General Contractor|Foundation Repair
193|Youhop Labs|General Contractor|Garage Remodel
194|Youhop Labs|General Contractor|Living Room Remodel
195|Youhop Labs|General Contractor|Plaster Wall Repair
196|YouKee|General Contractor|Pour Concrete
197|YouKee|General Contractor|Room Addition
198|YouKee|General Contractor|Stucco Installation
199|YouZing|General Contractor|Stucco Repair
200|YouZing|General Contractor|Sunroom/Patio Cover Installation
